original,predicted,correct
EJASF,EJASF,True
ynqFr,ynqFr,True
QtFJLc,QtFJLc,True
yBUZtR,yBUZtR,True
Hkxz,Hkxz,True
jPjwDDx,jPJwDDx,False
UuUK,UuUK,True
ivpF,ivpF,True
jNMf,jMMf,False
vkVrv,vkVrv,True
ntxQQG,ntxQQG,True
KBJGZbG,KBJGZbG,True
BHMuAi,BHMuAl,False
BoIFA,BoIFA,True
EWiceIx,EWiceIx,True
CWsCvr,CWsCvr,True
NFIothl,NFIothl,True
elvP,elvP,True
WjkGgng,WjkGgng,True
zgpQB,ZgpQB,False
pdMju,pdMju,True
vMRNGL,vMRNGL,True
cghoQil,cghoQH,False
HwjpQOS,HwjpQOS,True
rPYn,rPYn,True
TGvLFD,TGvLFU,False
CdqVHW,cdgVHW,False
kvBE,kvBE,True
AeGvPgL,AeGJPsL,False
SBJloDJ,SBJloDJ,True
RAeTW,RAeTW,True
XecrB,XecrB,True
VNds,VNds,True
QroLUcT,QroLUcT,True
IAZo,HZo,False
FSeRJ,FSeRJ,True
zphMaZv,zphMaZv,True
gCgP,gCgP,True
ccBlv,ccBiv,False
wfsy,wfsy,True
JVNJkb,JVNJkb,True
LdLN,LdLN,True
TDfJJdx,TDfJJdx,True
ypyaB,ypyaB,True
mvIkg,mvIkg,True
eYuX,eYuX,True
wqpR,wqpR,True
norb,norb,True
vhex,vhex,True
hJuqhYv,hJuqhYv,True
hVLg,hVLg,True
LvkIoF,LvkIoF,True
xqAoM,XqAoi,False
NowcK,NowcK,True
uQdI,uQdI,True
iZcTSO,iZcTSO,True
zqBy,zqBy,True
oxbab,osbab,False
RrPE,RrPE,True
LAaHba,LAaHbe,False
eMqEsOb,eMqEsOb,True
UODUB,UODUB,True
ICxW,ICxW,True
DMkrKd,DwBGd,False
UTvtUE,UTvtUE,True
XpBfifE,XpBfifE,True
DEaRf,DEaRf,True
qcGVfa,qcGVfa,True
BMQk,BMQk,True
VwGAvc,VwGAvc,True
cMHKl,cMHKl,True
vcOgnu,ycOgnu,False
bUaiHG,bUaiHG,True
ZZCChk,ZZCChk,True
WvpbV,WvpbV,True
xOHNhT,xOHNhT,True
XJCBOFj,XjCBOFj,False
AThw,AThw,True
WBpPPlI,WBpPPlI,True
GFeq,GFeq,True
sNnjvrt,sNnjqmI,False
xGiChlp,xGiChlp,True
mGgKtSU,mGgKtSU,True
nvhytz,nvhytz,True
SkPf,SkFf,False
NtkHNW,NtkHNW,True
zOkQcM,zOkQcM,True
OPikiuv,OPikiuv,True
OeIL,OeIL,True
zQKPkUh,zQKPkU,False
ZbAYD,ZbAYD,True
KLVaJU,KLVaJU,True
QwXmyH,QwXmyH,True
cDjO,eDjO,False
ttbc,ttbc,True
dRhAy,dRhAy,True
hxQuLy,hxQuLy,True
inIyA,inIyA,True
sFkpw,sFkpo,False
DXqX,DXqX,True
ioYWiDW,ioYWiDW,True
OuIStRN,OuiStRN,False
DTdIIV,DTdIlV,False
hHlh,hHlh,True
KApvQ,KApvQ,True
iVamlb,iVamjb,False
UMWNs,UMWNs,True
ZjPHIk,ZjPHIk,True
mQqIgyG,mQqIgyG,True
rHyOPLi,rHyOPLi,True
hCKg,hCKg,True
keqO,keqO,True
KmLZquv,KmLZquv,True
ucZWiro,ucZWiro,True
VnOgM,VnOgM,True
FAAjZ,FAAjZ,True
kJQQyPs,kJQQyPs,True
oYHO,oYHO,True
jqZUmLj,jqZUmLj,True
LLtgJf,LLtgJf,True
TXtTc,TXtTc,True
ZJyeYrD,ZJyeYrD,True
jFcR,jFcR,True
eWDbkRo,eWDbkRo,True
fzlKl,fzlKl,True
KKlQmIt,KKlQmIt,True
NLnFU,NuPU,False
ZOrnX,ZOrnX,True
iuZtp,IuZtp,False
hPiyjQw,hPiynQw,False
YbHiC,YbHiC,True
ucDDnbo,ucDDnbo,True
OAghrsq,OAghrsq,True
xGRqt,xGRqi,False
jFkr,jFkr,True
RQcIudF,RQcludF,False
cEgec,cEgec,True
Nazxn,Nazxn,True
MISM,MISM,True
Mlzq,Mlzq,True
PVBooCO,PVBooCO,True
xUPJiR,xUPJiR,True
gqEpsB,gqEpsB,True
AlAdD,AlAdD,True
kDDhO,kDDhO,True
tTKJjq,tTKJjq,True
XbzdBIW,XbzdBIW,True
aaiyOzP,aaiyOzP,True
zWtplNS,zWtpINS,False
OLzEapM,OLzEapM,True
EUoYCU,EUoYCU,True
bGLCHY,bGLCHY,True
Ucwl,Ucwl,True
FMBeFqG,FMBeFqG,True
WVWZQ,WVWZQ,True
wMyOAVv,wMyOAVv,True
PeDP,PeDP,True
HkbJd,HkbJd,True
fFBfa,fFBfa,True
kAmBVG,kAmBVG,True
sJEDpE,sJEDpE,True
SkUjf,SkUjf,True
mzqvJZ,mzgvJZ,False
JizZr,JizZr,True
kEQsIT,kEQsT,False
KrALh,KhALh,False
eMpGD,eMpGD,True
FuBIy,FuBIy,True
qwUzRX,qwUzRX,True
WwWPp,WwWPp,True
OfRXs,OfRXs,True
idXGFKR,idXGFKR,True
RVmg,RVmg,True
fwrWJVm,fwrWJVn,False
bVzb,bYzb,False
efkd,efkd,True
MGJm,IGJm,False
yzcCYZ,yzcCYZ,True
ZMpI,ZMpI,True
busc,buSC,False
HTaKPnN,HTaKPnN,True
xuqZtT,xuqZVT,False
gXIiYZ,qXllVZ,False
iwZr,iwZr,True
CVMg,CVMg,True
elcS,elcS,True
vVeSoc,vVeSoc,True
vKmEi,vKmEi,True
mIwSMp,mIwSMp,True
uueh,uueh,True
KNoeg,KNoeg,True
OfnjX,ofnjX,False
dzESHe,dzESHe,True
iIPd,iIPd,True
RmPQBx,RmPQBx,True
DxUs,DxUr,False
RGOZtO,RGOZtO,True
VDmvh,VDmvh,True
nFpjshs,nFpjshs,True
mbTaMA,mbTaMA,True
Kobp,Kobp,True
gXxiJMU,gXxiJMU,True
eNtgjI,eNtgjl,False
xjJODL,xjJODL,True
DwcJR,DwcJR,True
VuhpBUH,VuhpBUH,True
zCTLjk,zCTLjk,True
sNjeyz,sNjeyz,True
qHwShA,qHwShA,True
pYWgTR,PYWgTR,False
RPHHmzn,RPHHmzn,True
sKLqhe,sKLqhe,True
RXMiF,RXMiF,True
CnYXa,CnYXa,True
rgoVE,rgoVE,True
BsNB,BsNB,True
FHnM,FHnM,True
lIIc,IIIc,False
wmMBeaH,wmMBeaH,True
GtLv,GtLv,True
TotEj,ToiEi,False
YKmKID,YKmKID,True
LydE,LydE,True
wNxB,wAxB,False
QPcqa,QPcqa,True
AmWrV,AmWrV,True
yPIK,yPIK,True
hLnz,hLnz,True
AreQF,AreQF,True
pGohGCk,pGohGCk,True
djWox,djWox,True
Nqlxb,Nqlxb,True
wEOO,wEOO,True
Jahm,Jahm,True
UiHlXxn,UiHlXxn,True
kNwgtL,kNwOiL,False
gKPAUy,gKPAUy,True
uovV,iwvV,False
nLZi,nLZi,True
uyZKw,uyZKw,True
gSOqr,gSOqr,True
VvYVu,VvYVu,True
ixFHVLk,ixFHVLk,True
agZZE,agZZE,True
zvaS,ZvaS,False
irBKZF,irBKZF,True
gpAFSB,qpAFSB,False
oEODmtq,oEODmtq,True
tnzX,tnzX,True
ZkHA,ZkHA,True
PeAtr,PeAtr,True
dlAP,dlAP,True
ZxxI,ZXxI,False
vhNYa,vhNYa,True
raKkr,raKkr,True
Amcrqls,Amcrqls,True
vpdmK,vpdmK,True
xGoKjH,xGoKjH,True
ViWO,VWO,False
DJJABc,DJJABc,True
LYSNLFZ,LYSNLFZ,True
vQAq,vQAq,True
vSRCGK,vSRCGK,True
veNL,veNL,True
hFAdlKI,hFAdlKI,True
TlBA,TlBA,True
WlYXHA,WiYXHA,False
LYDErJ,LYDErJ,True
ynEUNsd,ynEUNsd,True
GXkzZg,GXLzZg,False
GUds,GUds,True
WHYVQas,WHYVQas,True
QojpBmT,QojpBmT,True
XKBbbku,XKBbbku,True
wxaP,wxaP,True
xpVdc,xpVdc,True
yjYu,zJYu,False
MhSTo,MhSTo,True
DUTauqc,DUTauqc,True
rDdYB,rDdYB,True
BmMe,BmMe,True
emBeiR,emEeiR,False
lUbvwk,lUbvwk,True
XPKUGt,XPKUGt,True
smjuPs,smjuPs,True
pZwoioV,pZwOioV,False
FFOg,FFOg,True
CoESQ,CoESQ,True
WtpEif,WypBn,False
GEJrC,GEJrC,True
zgOpdE,zgOpdE,True
HwEXZ,HwEXZ,True
IBHiEfr,IBHiEfr,True
rWvNi,rWvNi,True
ZVaZvQ,ZVaZvQ,True
aDQFBo,aDQfBo,False
fZfQPR,fZfQPR,True
rszpl,rszpI,False
njMUC,njMUC,True
LUcS,LUcS,True
gPsM,gPsM,True
zAZwh,zAZwh,True
eGZsSHn,eGzsSHn,False
HLmv,HLmV,False
dfNb,dfNb,True
lBnmf,lBnmf,True
nvGruJ,nvGruJ,True
QELjHe,QELjHe,True
gjhGMT,gjhGMT,True
cILWHc,cILWHc,True
JyhA,JyhA,True
FvIvG,FvIvG,True
QUBt,QUBt,True
JvcObLo,JvcObLo,True
YnUNWax,YnUNWax,True
ofGm,ofGm,True
vadLXIR,vadLXlR,False
kZsVbx,kZsVbx,True
AEnRb,AEnRb,True
ibcU,ibcU,True
JHex,JHex,True
cKAkfbo,cKAkfbo,True
PHwEZvH,PHwEZvH,True
ukYInmv,ukYInmv,True
ouKqM,ouKqM,True
mukz,mukz,True
gikZwm,gkZwm,False
wefMD,wefMD,True
qdrFy,qdrFy,True
BOGeP,BOGeP,True
cyhqQ,cyhqQ,True
eKZxuJ,eKZxuJ,True
vBYouk,vBYouk,True
vhsAEW,vhsvEW,False
LDfAj,LDfAj,True
ZrIpW,ZrIpW,True
lTax,ITax,False
UizW,UizW,True
wOyQj,wOyQj,True
QxouBP,QxouBP,True
rhpt,rhpt,True
xvau,xvau,True
FzWmV,FzWmV,True
OUwilvQ,OLwAxQ,False
UYCXvn,UYCXvn,True
djGC,djGC,True
cEpAju,cEpAw,False
yBzl,yBzl,True
MwRfsYJ,MwRfsYJ,True
stQrTc,stQrTc,True
DxJVqr,DxJVqr,True
byDiF,byDlF,False
QarBgF,QarBgF,True
ljDve,ijDve,False
jXQTIe,jXQTIe,True
THmd,THmd,True
AjZnI,AjZn,False
gpfItq,gpfIiq,False
bGheG,bGheG,True
IEPGgha,IEPGgha,True
YsFdCu,YsFdCu,True
YIEje,YlEje,False
gZYGFM,qzYGFM,False
joCj,joCj,True
YmhUUi,YmhUUi,True
lqXiBu,lqXiBu,True
dgZuH,dgZuH,True
fGDlDOr,fGDlDOr,True
lzeiDQe,lzeiDQe,True
fbJL,fbJL,True
iwmoi,jwmoi,False
nFosz,nFowz,False
hGwKGTu,hGwKGTu,True
cuYlc,cuYlc,True
xKlWjgt,xKlWjgt,True
jytRng,jytRng,True
vuhksxw,vuhksXw,False
qdhQaA,qdhQaA,True
PieJF,PeJF,False
YcmML,ycmML,False
sMVX,sMVX,True
NxOqa,NxOqa,True
wiSQBt,wiSQBt,True
WCUhu,WCUhu,True
plKmY,plKnY,False
GwovLK,GwovLK,True
YPCICji,YPCICji,True
cuhuZ,euhuZ,False
XzOaKt,XzOaKt,True
pFabpv,pFqbpv,False
GyBmOae,GyBmOae,True
LKWhVRb,LKWhVRb,True
zcQOkg,zcQOkg,True
QpZeZox,QpZeZox,True
qqfH,qqfH,True
CjGh,CjGh,True
sihZBbX,sihZBbX,True
BNKXNsF,BNKXNsF,True
KEsZbPG,KEsZbPG,True
DiupKCi,DiupKCi,True
VRACS,VRACS,True
zkuL,zkuL,True
sCtoRu,sCtoRu,True
sRPtIFw,sRPiFw,False
sGfDQ,sGfDQ,True
GHud,GHud,True
fZEbdbt,fZEbdbt,True
qojchq,qojchq,True
rZVd,rZVd,True
QCKNPfQ,QCKNPfQ,True
DELuiH,DELuH,False
AoDX,AoDX,True
EMHIZwL,EMMIZwL,False
kjKGj,kjKGj,True
PtjL,PitjL,False
ebmWqvD,cbmWqvD,False
ZBFk,ZBFk,True
EQdFpuu,EQdFpuu,True
ijqsNa,jqsNa,False
GzSxCc,GzSxCc,True
klUkgc,klUkgc,True
YzsYzY,YzeYzY,False
vENZaX,vENZaX,True
RzzFxCC,RzzFxCC,True
vJrp,vJnp,False
qOeVasC,qOeVasC,True
TvvjJZI,TvvjJZI,True
DNsmz,DNsmz,True
cqORVDf,cqORVDf,True
wMTRKQ,wMTRKQ,True
LKknlOm,LKknlOm,True
hknemw,hkncmw,False
lBqhC,lBQhC,False
SBvU,SBvU,True
egrjrX,eBrjrX,False
OYCdk,OYCdk,True
nLSdjHW,nLSdjHW,True
oVgtKWL,oVgtKWL,True
kLEi,kLEi,True
vtcs,vtcs,True
Yfwo,Yfwo,True
EmhXM,EmhXM,True
NdbiR,NdbiR,True
NldBRWB,NIaBRWB,False
eESHt,eESHt,True
CZdt,CZdt,True
LplgOWj,LplgOWj,True
hpzkl,hpzkl,True
eZNyNb,eZNyNb,True
YfGPcQ,YfGPcQ,True
poHtjCa,poHtjCa,True
QBCc,QbCc,False
cjopBk,cjopBk,True
FnVeC,FnVeC,True
UxaA,UxaA,True
mxwxvE,mxwxvE,True
qjzF,qjzF,True
ggMteNw,ggMteNw,True
zZEuaIl,zZEuaIl,True
SlWuqsx,SlWuqsx,True
ShTNh,ShTNh,True
gDrv,gDrv,True
bxJt,bxJt,True
DtjZXTJ,DtjZXTJ,True
xXJZtr,xXJZtr,True
Ncpohvu,Ncpohvu,True
NMfA,NMfA,True
AfOZ,NIOz,False
qoMnq,qoMnq,True
oWYY,oWTY,False
bEMPboB,bEMPbaB,False
GkDj,GkDj,True
IqvyTz,IqvyTz,True
pGkuS,pGkuS,True
LByOYOU,LByOYOU,True
tAqK,tAqK,True
DxcSju,DxcSju,True
eJezgSS,eJezgSS,True
MwsiyO,MwsiyO,True
Qfryy,Qfryy,True
zGzo,zGzo,True
iKKN,iKKN,True
PHKU,PHKU,True
SFXHy,SFXHy,True
mrXq,mrXq,True
STEN,sTHN,False
cNbiRir,cNbRr,False
PVXjdT,PVXjdT,True
nPyQ,nPyQ,True
DVKONv,DVKONv,True
vaNaU,vaNaU,True
JiwDT,JiwDT,True
jeHuZb,jeHuZb,True
NQCjPow,NQCjPow,True
WqTK,WqTK,True
PlmkXb,PlmkXb,True
jRhxJwg,jRhxJwg,True
KXHl,KXHl,True
LgqUElC,IgqUEjC,False
bbwEYdH,bbwEYdH,True
vFys,vFys,True
jozhpT,jozApT,False
WeRsBIa,WeRsBIa,True
iPaP,iPaP,True
UWImiZ,UWlmiZ,False
lgYJSXG,IgYJSXG,False
qleFH,qleFH,True
IsOm,IsOn,False
XTQN,XTQN,True
jEYxvHh,jEYxvHh,True
YWbDy,YWbDy,True
Btwb,Btwb,True
fMoHvR,fMoHvR,True
GTlH,CTH,False
IwGdqG,IwGdqG,True
EBDaCE,EBDaCE,True
nvORPLv,nvORPLv,True
TxEOoJO,TxEOoJO,True
DIAdzHx,DIAdzHx,True
wGzG,wGzG,True
kiay,kiay,True
sFGu,jFGu,False
DfzU,DfzU,True
HymKcZ,HymKcZ,True
fAfwyS,fAfwyS,True
XqglhVd,XqglhVd,True
XYSltJ,XYSltJ,True
LwXbGTW,LwXbGTW,True
qjyMhm,qjyMhm,True
jmkz,Jmkz,False
DCpAsmd,DCpAsmd,True
lsKwo,LKwo,False
KregyQO,KregJQO,False
ktjmZ,ktjmZ,True
gbCoc,gbCoc,True
GeaUiG,GeaUG,False
ftmIjDB,ftmIjDB,True
uVWT,uVWT,True
dcEG,dcEG,True
dhcMZsl,dhcMZsI,False
TUOo,TUOo,True
dqBV,dqBV,True
QFonrv,QFonrv,True
guiTUrO,guiTUrO,True
YYUaeKC,YYUaeKC,True
kEwIS,kEwlS,False
dBAmQc,dBAmQc,True
nyqWCn,nyqWCn,True
efSmS,cfSmS,False
JQvEDJa,JQvEDJa,True
VzYWQ,VzYWQ,True
yfPrzk,yfPrzk,True
Cnbov,Cnbav,False
IYnz,IYnz,True
ciLci,cLci,False
xULM,xULM,True
eZelTDL,eZeITDL,False
WSHlXB,WSHlXB,True
GOhQYqq,GOhQYqq,True
GAFQ,GAFQ,True
HyRzQix,HyRzQix,True
ItpoA,IipoA,False
ANMSOY,ANMSOy,False
OIII,OII,False
WJuScY,WJuScY,True
oQoMbWB,oQoMbWB,True
JGgQ,JGgQ,True
vcTayZ,vcTayZ,True
zMaHhly,zMaHhly,True
eTtZYx,eTtZYx,True
kZCH,kZCH,True
dNZhiot,dNZhot,False
ahaGPY,ahaGPY,True
Oumv,Oumv,True
eSUd,eSUd,True
wapfI,wapfI,True
ROPVfTU,ROPVfTU,True
UOwS,UOwS,True
FRdks,FRdks,True
lyiywGa,HywGa,False
VCxhuVl,VCxhnVI,False
BVPdoAG,BVPdoAG,True
EhKCq,EhKCq,True
SkqYDA,SkqYDA,True
bsVbsme,bsVbsme,True
cdPCHEr,cdPCHEr,True
OrtmhQc,OrtmhQc,True
lFPfFc,iFPfFc,False
WTmF,WTmF,True
XvAQ,XvAQ,True
TxzPE,TAaDE,False
Tuxsl,TJxsl,False
AnwSlX,AtrwSIX,False
zgDWsu,zgDWsu,True
xRVh,xRVh,True
IMFTS,IMFIS,False
DFxl,DFxl,True
HDSOGq,HDSOGq,True
VlKrm,VlKrm,True
VyKV,VyKV,True
ZzBTBBv,ZzBTBBv,True
bCxYog,bCxYog,True
dRKHon,dRKHon,True
FRvFN,FRvFN,True
JdDm,JdDm,True
dSUF,dSUF,True
CEiAcc,cElAcc,False
tfRmIN,lFRmIN,False
FetTF,FetTF,True
ymhTHbg,ymhTHbg,True
kKfAppo,kKfAppo,True
zCSilxP,zCSilxP,True
QGDZtxU,QGDZtxU,True
IaNs,IaNs,True
aNZDWqi,aNZDWqj,False
CNcgJ,CNcgJ,True
hcws,hcws,True
uNOakA,uNOakA,True
JYSgp,JYSgp,True
ZHFaG,ZHFaG,True
bvmALPi,bvmALPi,True
sBpyL,sBpyL,True
bykeo,bykeo,True
xFrCmDN,xFrCmDN,True
lqrLD,lqrLD,True
LAYh,LAYh,True
iFYT,iFYT,True
iowMC,iowMC,True
jikgn,jlkgn,False
hWtfYN,hWufYN,False
ZLeJJfg,ZLeJJfg,True
LrEYWr,LrEYWr,True
nyphnG,nyphnG,True
yPvK,yPvK,True
VEpN,VEpN,True
zeDD,zcDD,False
VsTD,VsTD,True
lthNZv,lthNZv,True
CFrKFi,CFrKFi,True
vqWb,vqWb,True
FxVKFgY,FxVKFgY,True
fXMXGW,fXMXGW,True
iMisDo,iMisDo,True
weiYiI,weiYiI,True
kUsp,kUsp,True
gzov,gzov,True
WWQIO,WWQIO,True
TpHD,TpHD,True
goyp,goyp,True
KSYvFS,KSYvFS,True
ZgVl,ZgVl,True
KlJOJz,KlJOJz,True
TpHVNm,TpHVNm,True
oYCfdq,oYCfdq,True
exSIS,exSIS,True
hpRtMJq,hpRnMJq,False
iHcKH,iHcKH,True
spOTYjT,spOTYjT,True
rdiMj,rdlMj,False
LjUa,LjUa,True
HLMOE,HLMOE,True
LSze,LSze,True
ieGZFq,ieGZFq,True
FcVHS,FcVHS,True
XOASX,XOASX,True
tfEAG,tfEAG,True
NJlpY,NJjpY,False
TlUKH,TlUKH,True
Psfz,Psfz,True
LGHLcuE,LGHLcuE,True
FkrsUo,FkrsUo,True
SLgMuM,SLgMuM,True
rPOhfGv,rPOhfGv,True
FuiU,Fuiu,False
UuNHGL,UuNHGL,True
abQt,abQt,True
MzftYJ,MzftYJ,True
ITzbm,lTzbm,False
iVbfDBw,iVbfDBw,True
NUvmx,NUwmx,False
IXNPWA,IXNPWA,True
PBigMv,PBigMv,True
Cphjt,Cphjt,True
qqWq,qqWq,True
EXNRW,EXNRW,True
tPMcDDi,lPMcDDi,False
UFIfhAg,UFiFhAg,False
DizYXGo,DizYXGo,True
VEJmU,VEJmU,True
LcPd,LcPd,True
oJFNee,oJFNee,True
ruMxsK,ruMxsK,True
mUPlc,mUPlc,True
nGwePU,nGwePU,True
KDmf,KDmf,True
CBNfXr,CBNfXr,True
ZUWN,ZUWN,True
VVxI,VVxl,False
JklccEE,JkIccEE,False
YzlnFt,YzlnFt,True
xNphzQ,xNphzQ,True
uHmZQNH,uHmZQNH,True
RXRqbkx,RXRqbkx,True
lolN,IoIN,False
menTeW,menTeW,True
ZhFHVgw,ZhFHVgw,True
NdKawrb,NdKawrb,True
kuDM,kuDM,True
pngoi,pngoi,True
DdXvdor,DdXvdor,True
TPAGiK,TPAGiK,True
mxpYj,mxpYj,True
nPic,nPic,True
cYtII,cYtII,True
DcCpeTB,DcCpeTB,True
OAkdTRZ,OAkdIRZ,False
JvoG,jvoG,False
qGYm,qGYm,True
fYhXd,fYhXd,True
WTOQOqo,WIOQOqo,False
bfgXC,bfgXC,True
MkpYk,MkpYk,True
LGXisic,LGXiec,False
GXPq,GXPq,True
niTbQvT,niTbOvT,False
UqbSp,UqbSp,True
fOPI,fOPI,True
Fufl,Fufl,True
YaFC,YaFC,True
tgCP,igGP,False
rTFXD,rTFXD,True
pjqmeHu,pjqmeHu,True
bepgM,bepgM,True
anTfuA,anTtuA,False
cxBRa,cxBRa,True
eSHkGNS,eSHkGNS,True
DyLcM,DyLcM,True
hYUi,hYU,False
MyBCYLU,MyBCYLU,True
etBKHME,etBKHME,True
YKfk,YKfk,True
rKkgIRu,rKkgIRu,True
cZMY,cZMY,True
yYQTI,yYQTI,True
puhFW,puhFW,True
HJCP,HJCP,True
NyhH,NyhH,True
JNawziJ,UNawzlJ,False
hjjgsIn,hjjgsIn,True
EidCux,EidCux,True
HctPfV,HciPfV,False
kisIgW,kisIqW,False
cmhyfeN,cmhyfeN,True
HYmENor,HYmENor,True
pFZd,pFZd,True
hAJnAhX,hAJnAhX,True
Imae,Imae,True
YjOu,YjOu,True
ODdZ,ODdZ,True
lHSO,lHSO,True
faiRfoo,faiRfoo,True
TAyid,TAyid,True
IXNZeCM,IXNZeCM,True
gxOaC,gxOaC,True
rQblCMy,rQblCMy,True
mTOCZ,mTOCZ,True
QhLPIp,QhLPIp,True
uwXD,uwXD,True
CRzqEX,CRzqEX,True
uqpWq,uqpuq,False
nNwsQ,nNwsQ,True
AMJpr,AMJpr,True
nrrX,nrrX,True
bNiu,bNiu,True
NmEqU,NmEqU,True
nXFDm,nXFDm,True
ktVDf,ktVDf,True
ADsy,ADsy,True
cBVHwkz,oBVHwkz,False
exOgaOe,exOgaOe,True
rnMKvFR,rnMKvFR,True
uxWQv,uxWQv,True
Mjkc,MTJkc,False
zQNuD,zONiuD,False
ZQcjQ,ZQcjQ,True
PlLvMl,PlLvMl,True
oEezxfC,oEezxfC,True
TasGVem,TasGVcm,False
POJRA,POJRA,True
apsk,aPsk,False
KfLX,KfLX,True
gUPx,gUPx,True
ijKwlG,ijKwlG,True
iAKcexs,tAKcexs,False
NTYkp,NTYkp,True
WcRoeTt,WcRoeTi,False
CHTmGnO,ChTmGnO,False
DKKFBi,DKKFBi,True
pTodaW,pTodaW,True
AaVZM,AaVZM,True
IEhmbgE,IEhmbgE,True
qJXZd,qJXZd,True
DuoRk,DuoRk,True
SZDF,SZDF,True
SVMS,SVMS,True
VVXmsK,VVXmsK,True
CafhMu,CafhMu,True
QAgTYcp,QAgTYcp,True
veDem,veDem,True
ZlAnt,ZlAnt,True
YwZH,YwZH,True
pfzB,pfzB,True
GRgaMUH,GRgaMUH,True
HOUj,HOUj,True
iQcrRJ,IQcrRJ,False
oSIhJrp,oSIhJrp,True
vwHXJd,vwHXJd,True
UIfKh,UTtKh,False
xRfu,xRIu,False
STCJh,STCJh,True
hgYjPa,hgYjPa,True
OejG,OejG,True
piLm,piLm,True
uctApF,uctApF,True
NCaihIN,NCaihIN,True
aEdnP,aEdnP,True
UlJV,UlJV,True
Njdm,Njdm,True
zpCv,zpCv,True
ELlDx,ELlDx,True
ysNi,ysNi,True
XbBB,XbBB,True
NAoLc,NAoLc,True
zvAFImW,zvAFInW,False
KSyUS,Csvus,False
XhtNIY,XhtNIY,True
DcKA,DcKA,True
cvpSZWy,cvpSZWy,True
JRQnvR,JRQnvR,True
lMpq,lMpq,True
NQXrUUc,NQXrUUc,True
IqSJz,IqSJz,True
fdjSgA,fdjSgA,True
PnhQF,PnhQf,False
Mwpbny,Mwpbny,True
SJawkNs,SJawkNs,True
oCeXa,oCeXa,True
QqbPKg,QgbPKg,False
MHiy,MHiy,True
fuqen,fuqen,True
MxAMAA,MxAMAA,True
kOGs,kOGs,True
ykLn,ykLn,True
rmPf,rmPf,True
wKTwsN,wKTwsN,True
Mnjxxq,Mnjxxq,True
xxwXGd,XxwXGd,False
rMWBnI,rMWBnI,True
YZYRqx,YZYRqx,True
IePG,IePG,True
Uzjuj,Uzjuj,True
ccWnsP,ccWnsP,True
jGTCb,jGTCb,True
mfxYht,mfxYhu,False
isnKM,IsnKM,False
uQhzWi,uQhzWj,False
zHkZdq,zHkZdq,True
njuuDiX,nuuDX,False
YQkAAXe,YQkAAXe,True
qTlhb,qIlhb,False
YelwpX,YeIwpX,False
ugYcVcj,ugYcVcj,True
sPjJL,sPjJL,True
vhYyQf,vhYyQf,True
gDgU,gDgU,True
umgsHJX,umgsHJX,True
HAjXNBe,AjXNBe,False
Nfcy,Nfcy,True
pFyJRE,pFyJRE,True
mIacI,mIacI,True
Ggpmcp,Ggpmcp,True
UOlF,UOlF,True
uKap,uKap,True
UFbeo,uFbeo,False
jImg,jImg,True
GmFrTv,GmFrTv,True
MAib,MAib,True
RHeFbuV,RHeFbuV,True
niiO,niO,False
BvdlI,BvdlI,True
SkKUK,SkKUK,True
SoHC,SoHC,True
bDSnYX,bDSnYX,True
MqTskyg,MqTskys,False
OcUEt,OcUEi,False
INWzI,INWzI,True
mtliWtq,mtliWtq,True
sWWiOY,sWWiOY,True
SRcRMX,SRcRMX,True
XlyCA,Xyta,False
nUoa,nUoa,True
kuClVLL,kuClVLL,True
DOMMCU,DOMMCu,False
YNJOtSP,YNJOtSP,True
vSpn,vSpn,True
UdxwZ,UdxwZ,True
dpeVtO,dpcMO,False
iNenx,iNenx,True
jJwxpv,jJwxpv,True
VkypkFV,VkypkFV,True
XaKsQNJ,XaKsQNJ,True
WVqC,WVqC,True
DOEnbZM,DOEnbZM,True
JvBSg,JvBSg,True
VNqLogV,VNqLoqV,False
xSbzn,xSbzn,True
UAbtHQW,UAbtHQW,True
GEybma,GEybma,True
SpgXvc,SpaXvc,False
SpNSf,SpNSf,True
TsDVI,rshVj,False
mYRI,mYRI,True
GxpCeLo,GxpCeLo,True
RdXfZ,RdXfZ,True
RZyk,RZyk,True
RCqYUJT,RUqYUJT,False
ogojH,ogwnH,False
FrpRG,FrpRG,True
eVkwv,eVkwv,True
kAohCko,kAohCko,True
WhjC,WhjC,True
ghYMi,ghYMi,True
TxcJX,TxcJX,True
AOxRA,AOxRA,True
jfNlos,jfNlos,True
TfskYq,TfskYq,True
mZfCYD,mZfCYD,True
sQuy,sQuy,True
MbbX,MbbX,True
dEIrRbp,dEIrRbp,True
tRwQyjP,tRwQyjP,True
iGecn,iGecn,True
UGyMO,UGyMO,True
CWBkYG,CWBkYG,True
jdrse,jdrse,True
GIbFtn,GIbFin,False
dtrzlxc,dtrzlxc,True
nXBeRQ,nXBeRQ,True
qrdOjGo,qrdOjGo,True
pdhQghe,PdhQghe,False
RPaP,RPaF,False
loOWlO,loOWlO,True
OZPFhn,OZPFhn,True
SlWd,SlWd,True
OVgOWFA,OVgOWFA,True
KNuTf,KNuTf,True
knap,knap,True
QOik,QOik,True
nMcHyY,nMcHyY,True
oCqocDz,oCqocDz,True
zkgW,zkgW,True
GkzAg,GkzAg,True
ipDVW,jpDVW,False
JXEcuKo,JXEcuKo,True
ZpepI,ZPcpt,False
Zbspb,Zbapb,False
lYOiYZ,lYOiYZ,True
kLPz,kLPz,True
UoRdGb,UoRdGb,True
owij,owij,True
MTkES,MTkES,True
pjxq,pjxq,True
eQkM,eQkM,True
basWl,baeWl,False
RkjqEs,RkqEs,False
ylba,ylba,True
GuEsujc,euEnuic,False
tesG,tesG,True
NwWYw,NwWYw,True
bUoRXk,bUoRXk,True
bqzxVSX,bqzxVSX,True
rBGI,rBGI,True
uGUikjD,uGUikjD,True
ANNW,ANNW,True
KIFnSWd,KIFnSWd,True
hhRIEQ,hhRIEQ,True
oDTN,oDTN,True
GYBv,GYBv,True
aaKX,aaKX,True
jObw,jObw,True
xopwi,xopwi,True
Slziuf,Slziuf,True
IAXxAD,IAXxAD,True
FuNQTSz,FuNQTSz,True
KostN,KostN,True
tpDCn,tpDCn,True
ERFeIaS,ERFelaS,False
ARFGk,ARFGk,True
enZtHR,enZtHR,True
ZOmTgKH,ZOmTgKH,True
